taxes	cost	beds	income	bath	monthly_payment	list	address	fees	cash
2814.0	3223.6897760243396	4.0	2600.0	3.0	2289.1897760243396	539000.0	1396 Freeport Dr	0.0	-623.6897760243396
3267.0	3261.4397760243396	4.0	2600.0	2.0	2289.1897760243396	539000.0	1353 Erinmore Dr	0.0	-661.4397760243396
3355.0	3433.925077167044	4.0	2600.0	2.0	2454.3417438337106	575000.0	3697 Ellengale Drive	0.0	-833.925077167044
3181.0	3070.7709229028164	5.0	3250.0	2.0	2105.687589569483	499000.0	3416 Martins Pine Crescent	0.0	179.22907709718356
